<?xml version="1.0" encoding="UTF-8"?>

<beans xmlns="http://www.springframework.org/schema/beans"
	xmlns:xsi="http://www.w3.org/2001/XMLSchema-instance"
	xsi:schemaLocation="http://www.springframework.org/schema/beans http://www.springframework.org/schema/beans/spring-beans.xsd">



	
	<!-- WMQ connection properties -->
	<!-- The Spring JmsTemplate is a convenience class for sending and receiving JMS messages in a synchronous manner.
		The JmsTemplate was originally designed to be used with a J2EE container where the container provides the necessary
		pooling of the JMS resources (i.e., connections, consumers and producers). Such requirements came from the EJB spec.
		But when developers began using the JmsTemplate outside of J2EE containers, and because some JMS providers do not
		offer caching/pooling of JMS resources, a different solution was necessary. Enter the Spring CachingConnectionFactory
	-->
	<bean id="destinationTemplate" class="org.springframework.jms.core.JmsTemplate" lazy-init="true">
		<property name="ConnectionFactory">
			 <ref bean="cachedConnectionFactory" />  			
		</property>
		<property name="destinationResolver">
			<ref bean="jmsDestinationResolver" />
		</property>
	</bean>

	<!-- The CachingConnectionFactory is meant to wrap a JMS provider's connection to provide caching of sessions,
		connections and producers as well as automatic connection recovery. By default, it uses a single session to
		create many connections and this model works very well with most MOMs. But if you need to scale further,
		you can also specify the number of sessions to cache using the sessionCacheSize property.  -->
	<bean id="cachedConnectionFactory" class="org.springframework.jms.connection.CachingConnectionFactory">
		<property name="targetConnectionFactory" ref="regMQConnectionFactory" />
		<property name="sessionCacheSize" value="50" />
		<property name="cacheProducers" value="false" />	
	</bean>

	<bean id="jmsDestinationResolver" class="org.springframework.jms.support.destination.JndiDestinationResolver" lazy-init="true">
		<property name="jndiTemplate">
			<ref bean="jndiTemplate" />
		</property>
		<property name="cache">
			<value>true</value>
		</property>
		<property name="fallbackToDynamicDestination">
			<value>true</value>
		</property>
	</bean>

	<bean id="regMQConnectionFactory" class="org.bala.java.adapter.beans.IBMMQConnectionFactoryBean" init-method="init">
		<property name="transportType">
			<value>1</value>
		</property>
		<property name="hostName">
			<value>${regRep.dtcc.hostName}</value>
		</property>
		<property name="port">
			<value>${regRep.dtcc.port}</value>
		</property>
		<property name="queueManager">
			<value>${regRep.dtcc.queueManager}</value>
		</property>
		<property name="channel">
			<value>${regRep.dtcc.channel}</value>
		</property>
		<property name="SSLCipherSuite">
			<value>${regRep.dtcc.SSLCipherSuite}</value>
		</property>

		<!-- <property name="keyStore">
			<value>${regRep.dtcc.keyStore}</value>
		</property>

		<property name="keyStorePassword">
			<value>#{secureDbPassFactory.getPassword('${regRep.dtcc.keyStorePassword}')}</value> 
			<value>${regRep.dtcc.keyStorePassword}</value>
		</property>

		<property name="trustStore">
			<value>${regRep.dtcc.trustStore}</value>
		</property>
		<property name="trustStorePassword">
			<value>#{secureDbPassFactory.getPassword('${regRep.dtcc.trustStorePassword}')}</value>
			<value>${regRep.dtcc.trustStorePassword}</value>
		</property> -->
	</bean>

	<bean id="jndiTemplate" class="org.springframework.jndi.JndiTemplate" lazy-init="true">
		<property name="environment">
			<props>
				<prop key="java.naming.factory.initial">${regRep.java.naming.factory.initial}</prop>
				<prop key="java.naming.provider.url">${regRep.java.naming.provider.url}</prop>
			</props>
		</property>
	</bean>
		
	<bean id="mqMessageProcessor" class="org.bala.java.adapter.MQMessageProcessor">
	</bean>
	
	<bean id="mqMessagePublisher" class="org.bala.java.adapter.MQPublisher">
		<property name="jmsTemplate">
			<ref bean="destinationTemplate" />
		</property>
	</bean>		

</beans>