<?xml version="1.0" encoding="UTF-8"?>

<beans xmlns="http://www.springframework.org/schema/beans"
	xmlns:xsi="http://www.w3.org/2001/XMLSchema-instance" xmlns:context="http://www.springframework.org/schema/context"
	xsi:schemaLocation="http://www.springframework.org/schema/beans http://www.springframework.org/schema/beans/spring-beans.xsd
							http://www.springframework.org/schema/context http://www.springframework.org/schema/context/spring-context.xsd">

	<context:component-scan base-package="org.bala.java.adapter" />

	<!-- enable jmx for spring integration -->
	<context:mbean-server />

	<bean id="envConfigLocation"
		class="org.springframework.beans.factory.config.PropertyPlaceholderConfigurer">
		<property name="location">
			<bean name="propertyFile" class="org.springframework.core.io.ClassPathResource">
				<constructor-arg index="0" value="regRepMqAdapter.properties" />
			</bean>
		</property>
	</bean>

	<!-- Application flow definitions -->
	 <import resource="mq-context.xml" /> 
	 <import resource="mq-connection-chain.xml" />
	 <import resource="fileAdapter-chain.xml"/>

</beans>