<?xml version="1.0" encoding="UTF-8"?>

<beans:beans xmlns:xsi="http://www.w3.org/2001/XMLSchema-instance"
	xmlns:beans="http://www.springframework.org/schema/beans" xmlns:int="http://www.springframework.org/schema/integration"
	xmlns:file="http://www.springframework.org/schema/integration/file"
	xmlns:int-jms="http://www.springframework.org/schema/integration/jms"
	xsi:schemaLocation="http://www.springframework.org/schema/integration       http://www.springframework.org/schema/integration/spring-integration.xsd
						http://www.springframework.org/schema/beans             http://www.springframework.org/schema/beans/spring-beans.xsd
						http://www.springframework.org/schema/integration/file 	http://www.springframework.org/schema/integration/file/spring-integration-file.xsd
						http://www.springframework.org/schema/integration/jms 	http://www.springframework.org/schema/integration/jms/spring-integration-jms.xsd">


<beans:bean id="filePublisher" class="com.bala.adapter.FilePublisher"/>

<file:inbound-channel-adapter id="onDemandFileChannelAdapter"  directory="${regRep.adapter.onDemand.dir}" channel="fileAdapterChannel" prevent-duplicates="false"	filename-regex="${regRep.adapter.onDemand.file.regex}">
	<int:poller fixed-delay="1000" />
</file:inbound-channel-adapter>

<int:channel id="fileAdapterChannel"/>
<file:outbound-gateway id="fileMover" request-channel="fileAdapterChannel" reply-channel="fileProcessorChannel" delete-source-files="true" temporary-file-suffix=".tmp" directory="file:${regRep.adapter.onDemand.processedFolder}" />


<int:channel id="fileProcessorChannel"/>
<int:service-activator id="fileAdapterServiceActivator" ref="filePublisher" method="start" input-channel="fileProcessorChannel"/>

</beans:beans>