<?xml version="1.0" encoding="UTF-8"?>

<beans:beans xmlns:xsi="http://www.w3.org/2001/XMLSchema-instance"
	xmlns:beans="http://www.springframework.org/schema/beans"
	xmlns:int="http://www.springframework.org/schema/integration"
	xmlns:file="http://www.springframework.org/schema/integration/file"
	xmlns:int-jms="http://www.springframework.org/schema/integration/jms"
	xmlns:int-jmx="http://www.springframework.org/schema/integration/jmx"
	xsi:schemaLocation="http://www.springframework.org/schema/integration
					http://www.springframework.org/schema/integration/spring-integration.xsd
						http://www.springframework.org/schema/beans
					http://www.springframework.org/schema/beans/spring-beans.xsd
						http://www.springframework.org/schema/integration/file
					http://www.springframework.org/schema/integration/file/spring-integration-file-4.2.xsd
						http://www.springframework.org/schema/integration/jms
					http://www.springframework.org/schema/integration/jms/spring-integration-jms.xsd
					http://www.springframework.org/schema/integration/jmx
					http://www.springframework.org/schema/integration/jmx/spring-integration-jmx-4.2.xsd">
					
	<!-- Credit -->
	<int-jms:message-driven-channel-adapter id="regRepCreditFpMLReader"  channel="creditResponseChannel" connection-factory="regMQConnectionFactory"
				destination-name="${regrep.dtcc.respone.credit.queue}" acknowledge="auto" cache-level="1" concurrent-consumers="1" max-concurrent-consumers="15" receive-timeout="100" recovery-interval="50" />
	
	<int:channel id="creditResponseChannel" />
	<int:outbound-channel-adapter id="ipCreditMessageReader" ref="mqMessageProcessor" method="processMessage" channel="creditResponseChannel" />
	
	
	<!-- InterestRates -->
	<int-jms:message-driven-channel-adapter id="regRepInterestRatesFpMLReader"  channel="interestRatesResponseChannel" connection-factory="regMQConnectionFactory"
				destination-name="${regrep.dtcc.respone.interestRate.queue}" acknowledge="auto" cache-level="1" concurrent-consumers="1" max-concurrent-consumers="15" receive-timeout="100" recovery-interval="50" />
	
	<int:channel id="interestRatesResponseChannel" />
	<int:outbound-channel-adapter id="ipRatesMessageReader" ref="mqMessageProcessor" method="processMessage" channel="interestRatesResponseChannel" />
	
	
	<!-- Equity -->
	<int-jms:message-driven-channel-adapter id="regRepEquityFpMLReader"  channel="equityResponseChannel" connection-factory="regMQConnectionFactory"
				destination-name="${regrep.dtcc.respone.equity.queue}" acknowledge="auto" cache-level="1" concurrent-consumers="1" max-concurrent-consumers="15" receive-timeout="100" recovery-interval="50" />
	
	<int:channel id="equityResponseChannel" />
	<int:outbound-channel-adapter id="ipEquityMessageReader" ref="mqMessageProcessor" method="processMessage" channel="equityResponseChannel" />
	
	
	<!-- ForeignExchange -->
	<int-jms:message-driven-channel-adapter id="regRepForeignExchangeFpMLReader"  channel="fxResponseChannel" connection-factory="regMQConnectionFactory"
				destination-name="${regrep.dtcc.respone.foreignExchange.queue}" acknowledge="auto" cache-level="1" concurrent-consumers="1" max-concurrent-consumers="15" receive-timeout="100" recovery-interval="50" />
	
	<int:channel id="fxResponseChannel" />
	<int:outbound-channel-adapter id="ipFxMessageReader" ref="mqMessageProcessor" method="processMessage" channel="fxResponseChannel" />
	
</beans:beans>