<?xml version="1.0" encoding="UTF-8"?>

<beans  xmlns="http://www.springframework.org/schema/beans"
		xmlns:xsi="http://www.w3.org/2001/XMLSchema-instance"
		xmlns:context="http://www.springframework.org/schema/context"
		xsi:schemaLocation="http://www.springframework.org/schema/beans http://www.springframework.org/schema/beans/spring-beans.xsd
							http://www.springframework.org/schema/context http://www.springframework.org/schema/context/spring-context.xsd">

	<context:component-scan base-package="com.bala.ehCacheTest" />
		
	<bean id="envConfigLocation" class="org.springframework.beans.factory.config.PropertyPlaceholderConfigurer">
        	<property name="location">
            	<bean name="propertyFile" class="org.springframework.core.io.ClassPathResource">
                	<constructor-arg index="0" value="regRepApp.properties"/>
            	</bean>
        	</property>
    	</bean>

	<!-- Below configuration has been added to enable Sybase -->
	<!-- 
	<bean id="dataSource" class="org.springframework.jdbc.datasource.DriverManagerDataSource" autowire-candidate="true" lazy-init="false" >
		<property name="driverClassName" value="${regRep.dataSource.driver}" />
		<property name="url" value="${regRep.dataSource.url}" />
		<property name="username" value="${regRep.dataSource.userName}" />
		<property name="password" value="${regRep.dataSource.password}" />
	</bean>
 	-->
 
 	<!--
	<bean id="dataSource" class="org.apache.commons.dbcp.BasicDataSource" destroy-method="close" autowire-candidate="true" lazy-init="false">
		<property name="driverClassName" value="${regRep.dataSource.driver}"/>
		<property name="url" value="${regRep.dataSource.url}"/>
		<property name="username" value="${regRep.dataSource.userName}"/>
		<property name="password" value="${regRep.dataSource.password}"/>
		<property name="defaultAutoCommit" value="true"/>
		<property name="initialSize" value="${regrep.datasource.initialsize}"/>
		<property name="maxActive" value="${regrep.datasource.maxactive}"/>
		<property name="accessToUnderlyingConnectionAllowed" value="true"/>
		<property name="poolPreparedStatements" value="true"/>
        <property name="maxOpenPreparedStatements" value="30"/>
	</bean>
	-->
	
	<!-- Gateway beans - for routing DTCC submission queue(s) -->
	<!-- 	
	<import resource="gateway-app.xml" />
	<import resource="cache-config.xml" />  -->
	
	<!-- <import resource="classpath:com/wellsfargo/regulatory/commons/spring/beans/mq-context.xml" />  -->

	<!-- Secure DB Password -->
	
    <!--<bean id="secureDbPassFactory" class="com.wellsfargo.regulatory.commons.helpers.crypto.SecureDBPwdFactory" init-method="init"> -->
    	<!-- <property name="password" value="${regRep.dataSource.password}"/>  -->
    	<!-- <property name="encryptionEnabled" value="${regRep.dataSource.password.security.enabled}"/>
    </bean> -->
	<!-- <bean id="dbPass" factory-bean="secureDbPassFactory" factory-method="getPassword"/>  -->

	<bean id="dataSource" class="org.apache.commons.dbcp.BasicDataSource" autowire-candidate="true" lazy-init="false" destroy-method="close">
		<property name="driverClassName" value="${regRep.dataSource.driver}" />
		<property name="url" value="${regRep.dataSource.url}" />
		<property name="username" value="${regRep.dataSource.userName}" />
		<property name="password" value="${regRep.dataSource.password}"/>
		<!--  <property name="password" value="#{secureDbPassFactory.getPassword('${regRep.dataSource.password}')}" /> -->
		<property name="defaultAutoCommit" value="true" />
		<property name="initialSize" value="${regrep.datasource.initialsize}" />
		<property name="maxActive" value="${regrep.datasource.maxactive}" />
		<property name="maxWait" value="${regrep.datasource.connection.maxWait}" />
		<property name="minIdle" value="10" />
        <property name="maxIdle" value="10" />
 		
		<property name="accessToUnderlyingConnectionAllowed" value="true" />
		<property name="poolPreparedStatements" value="true" />
        <!-- <property name="maxOpenPreparedStatements" value="2500" /> -->
        <property name="testOnBorrow" value="true" />
   		<property name="validationQuery" value="SELECT 1" />
		<property name="removeAbandoned" value="true"/>
    	<property name="removeAbandonedTimeout" value="60"/>
    	<property name="logAbandoned" value="true"/>
	</bean>

<!-- 
	<bean id="regrepHikariConfig" class="com.zaxxer.hikari.HikariConfig">
		<property name="poolName" value="regrepDBConnectionPool" />
		<property name="driverClassName" value="${regRep.dataSource.driver}" />
		<property name="jdbcUrl" value="${regRep.dataSource.url}" />
		<property name="username" value="${regRep.dataSource.userName}" />
		<property name="password" value="#{secureDbPassFactory.getPassword('${regRep.dataSource.password}')}" />
		<property name="connectionTestQuery" value="SELECT 1" />
		<property name="maximumPoolSize" value="${regrep.datasource.maxactive}" />
		<property name="maxLifetime" value="1800000" />
		<property name="idleTimeout" value="${regrep.datasource.connection.maxWait}" />
	</bean>

 -->
 	
	<!-- HikariCP configuration -->
	<!-- 
	<bean id="dataSource" class="com.zaxxer.hikari.HikariDataSource" autowire-candidate="true" lazy-init="false" destroy-method="close">
    	<constructor-arg ref="regrepHikariConfig" />
	</bean>
	-->
	 
	<!-- JDBC Template  -->
	<bean id="jdbcTemplate" class="org.springframework.jdbc.core.JdbcTemplate" primary="true" >
		 <property name="dataSource" ref="dataSource"/>
	</bean>
	
	<bean id="instantiationHelper" class="com.bala.ehCacheTest.InstantiationHelper" lazy-init="false" scope="singleton" init-method="loadCache" autowire="byType" />
	
	<!-- Cache Implementation  -->
	
	<!--<bean id="complianceCache" class="com.wellsfargo.regulatory.commons.cache.ComplianceCache" autowire-candidate="true" lazy-init="false" scope="singleton" />
	<bean id="domainMapCache" class="com.wellsfargo.regulatory.commons.cache.DomainMappingCache" autowire-candidate="true" lazy-init="false" scope="singleton" />
	<bean id="fpMLXpathMapCache" class="com.wellsfargo.regulatory.commons.cache.FpMLXpathMapCache" lazy-init="false" autowire="byType" scope="singleton" /> -->
	<bean id="productMapCache" class="com.bala.ehCacheTest.ProductMappingCache" autowire-candidate="true" lazy-init="false" scope="singleton" />
	
	
	<!-- DAO's in USE  -->
	<!-- <bean id="compMatrixDAO" class="com.wellsfargo.regulatory.commons.cache.dao.impl.RegRepComplainceMatrixDaoImpl" lazy-init="false" autowire="constructor" />
	<bean id="domainMapDAO" class="com.wellsfargo.regulatory.commons.cache.dao.impl.RegRepDomainMappingDaoImpl" lazy-init="false" autowire="constructor" />
	<bean id="regRepFpMLXpathMappingDaoImpl" class="com.wellsfargo.regulatory.commons.cache.dao.impl.RegRepFpMLXpathMappingDaoImpl" lazy-init="false" autowire="constructor" />
	<bean id="dupCheckMappingDao" class="com.wellsfargo.regulatory.commons.cache.dao.impl.RegRepDupCheckMappingDaoImpl" lazy-init="false" autowire="constructor" />  -->
	<bean id="productMapDAO" class="com.bala.ehCacheTest.RegRepProductMappingDaoImpl" lazy-init="false" autowire="constructor" />
	
	<!-- <bean id="rulesCacheLoader" class="com.wellsfargo.regulatory.commons.cache.loader.RulesCacheLoader" lazy-init="false" autowire="byType" />
	<bean id="complianceCacheLoader" class="com.wellsfargo.regulatory.commons.cache.loader.ComplianceCacheLoader" lazy-init="false" autowire="byType" />
	<bean id="domainMappingCacheLoader" class="com.wellsfargo.regulatory.commons.cache.loader.DomainMappingCacheLoader" lazy-init="false" autowire="byType" />
	<bean id="fpMLXpathMapCacheLoader" class="com.wellsfargo.regulatory.commons.cache.loader.FpMLXpathMapCacheLoader" lazy-init="false" autowire="byType" />
	<bean id="ignoreXpathCacheLoader" class="com.wellsfargo.regulatory.commons.cache.loader.IgnoreXpathCacheLoader" lazy-init="false" autowire="byType" /> -->
	<bean id="productMappingCacheLoader" class="com.bala.ehCacheTest.ProductMappingCacheLoader" lazy-init="false" autowire="byType" />
	
	<!-- <bean id="trade" class="com.wellsfargo.regulatory.commons.bo.sdrRequest.SdrRequest" />
	<bean id="reportingDataUtil" class="com.wellsfargo.regulatory.commons.utils.ReportingDataUtils" />  -->
	
	<!--  moved following commented bean definations to mq-context.xml -->
	<!-- <bean id="messageSubmitterSvc" class="com.wellsfargo.regulatory.commons.gatewys.GatewayService" depends-on="mqListenerMap">
		<property name="jmsTemplate">
			<ref bean="destinationTemplate" />
		</property>
		<property name="routingRulesMap">
			<ref bean="routingRulesMap" />
		</property>
		<property name="mqSenderMap">
			<ref bean="mqSenderMap" />
		</property>
		<property name="mqListenerMap">
			<ref bean="mqListenerMap" />
		</property>
		<property name="fpmlDeliveryMap">
			<ref bean="fpmlDeliveryMap" />
		</property>
	</bean>

	<bean id="publishFpml" class="com.wellsfargo.regulatory.commons.gatewys.PublishFpML" /> -->

	<!-- NOT in USE  -->
  	<!-- <bean id="drlCache" class="com.wellsfargo.regulatory.commons.cache.DRLCache" autowire-candidate="true" lazy-init="false" scope="singleton" />  -->
	<!-- <bean id="drlConfigDAO" class="com.wellsfargo.regulatory.commons.cache.dao.impl.DRLConfigDaoImpl" lazy-init="false" autowire="constructor" /> -->
	
	<!-- <bean id="resPublisherSvc" class="com.wellsfargo.regulatory.commons.gatewys.submitter.mq.activeMq.Publisher" lazy-init="false" scope="prototype" autowire="byType" >
		<property name="brokerUrl" value="${regRep.jms.broker.url}" />
		<property name="queue" value="${regRep.response.publisher.queue}" />
	</bean>  -->
	
	<!-- <bean id="cacheManager" class="org.springframework.cache.ehcache.EhCacheCacheManager">
       <property name="cacheManager" ref="ehcache" /> 
    </bean> 
 
	 <bean id="ehcache"  class="org.springframework.cache.ehcache.EhCacheManagerFactoryBean"> 
	   <property name="configLocation" value="classpath:com/wellsfargo/regulatory/commons/spring/beans/ehcache.xml" /> 
	 </bean> -->

	<!-- <bean id="velocityEngine" class="org.springframework.ui.velocity.VelocityEngineFactoryBean">
		<property name="velocityProperties">
			<value>
				resource.loader=class
				class.resource.loader.class=org.apache.velocity.runtime.resource.loader.ClasspathResourceLoader
			</value>
		</property>
	</bean>  -->
   
</beans>