<?xml version="1.0" encoding="UTF-8"?>

<beans xmlns="http://www.springframework.org/schema/beans"
	xmlns:xsi="http://www.w3.org/2001/XMLSchema-instance" xmlns:context="http://www.springframework.org/schema/context"
	xsi:schemaLocation="http://www.springframework.org/schema/beans http://www.springframework.org/schema/beans/spring-beans.xsd
							http://www.springframework.org/schema/context http://www.springframework.org/schema/context/spring-context.xsd">

	<context:component-scan base-package="com.bala.ehCache" />

	<!-- enable jmx for spring integration -->
	<context:mbean-server />

	<bean id="envConfigLocation"
		class="org.springframework.beans.factory.config.PropertyPlaceholderConfigurer">
		<property name="location">
			<bean name="propertyFile" class="org.springframework.core.io.ClassPathResource">
				<constructor-arg index="0" value="regRepApp.properties" />
			</bean>
		</property>
	</bean>
	
	 <bean id="cacheManager" class="org.springframework.cache.ehcache.EhCacheCacheManager">
       <property name="cacheManager" ref="ehcache" /> 
    </bean> 
 
	 <bean id="ehcache"  class="org.springframework.cache.ehcache.EhCacheManagerFactoryBean"> 
	   <property name="configLocation" value="classpath:ehcache/spring/ehcache.xml" /> 
	 </bean>
	
	
	<!-- JDBC Template  -->
	<bean id="jdbcTemplate" class="org.springframework.jdbc.core.JdbcTemplate" primary="true" >
		 <property name="dataSource" ref="dataSource"/>
	</bean>
	
	<bean id="regRepLcEventHierarchyCache" class="com.bala.ehCache.RegRepLcEventHierarchyCache" lazy-init="false" scope="singleton" init-method="loadLeEventsToCache" autowire="byType" />



	<bean id="dataSource" class="org.apache.commons.dbcp.BasicDataSource" autowire-candidate="true" lazy-init="false" destroy-method="close">
		<property name="driverClassName" value="${regRep.dataSource.driver}" />
		<property name="url" value="${regRep.dataSource.url}" />
		<property name="username" value="${regRep.dataSource.userName}" />
		<property name="password" value="${regRep.dataSource.password}"/>
		<!--  <property name="password" value="#{secureDbPassFactory.getPassword('${regRep.dataSource.password}')}" /> -->
		<property name="defaultAutoCommit" value="true" />
		<property name="initialSize" value="${regrep.datasource.initialsize}" />
		<property name="maxActive" value="${regrep.datasource.maxactive}" />
		<property name="maxWait" value="${regrep.datasource.connection.maxWait}" />
		<property name="minIdle" value="10" />
        <property name="maxIdle" value="10" />
 		
		<property name="accessToUnderlyingConnectionAllowed" value="true" />
		<property name="poolPreparedStatements" value="true" />
        <!-- <property name="maxOpenPreparedStatements" value="2500" /> -->
        <property name="testOnBorrow" value="true" />
   		<property name="validationQuery" value="SELECT 1" />
		<property name="removeAbandoned" value="true"/>
    	<property name="removeAbandonedTimeout" value="60"/>
    	<property name="logAbandoned" value="true"/>
	</bean>
	

	<!-- Application flow definitions -->
	 <!-- <import resource="fileAdapter-chain.xml" />  --> 

</beans>