
<!-- Author : Raji Komatreddy -->

<ehcache xmlns:xsi="http://www.w3.org/2001/XMLSchema-instance"
	xsi:noNamespaceSchemaLocation="ehcache.xsd"
	 updateCheck="false"
	monitoring="autodetect" 
	dynamicConfig="true">

	<diskStore path="java.io.tmpdir" />

	<cache name="eodCache" 
		    maxEntriesLocalHeap="100000"
			maxEntriesLocalDisk="100000"
			 eternal="false"
			 diskSpoolBufferSizeMB="150"
			timeToIdleSeconds="300" 
			timeToLiveSeconds="600"
			memoryStoreEvictionPolicy="LFU" 
			transactionalMode="off">
			<persistence strategy="localTempSwap" />
		</cache>
	<cache name="lCEventCache" 
		    maxEntriesLocalHeap="1000"
			maxEntriesLocalDisk="1000"
			 eternal="false"
			 diskSpoolBufferSizeMB="10"
			timeToIdleSeconds="300" 
			timeToLiveSeconds="600"
			memoryStoreEvictionPolicy="LFU" 
			transactionalMode="off">
			<persistence strategy="localTempSwap" />
	</cache>
	<cache name="tradeUsiCache" 
		    maxEntriesLocalHeap="10000"
			maxEntriesLocalDisk="10000"
			 eternal="false"
			 diskSpoolBufferSizeMB="10"
			timeToIdleSeconds="300" 
			timeToLiveSeconds="600"
			memoryStoreEvictionPolicy="LFU" 
			transactionalMode="off">
			<persistence strategy="localTempSwap" />
	</cache>
	
	<cache name="eodValuationCache" 
		    maxEntriesLocalHeap="100000"			
			 eternal="true"
			 diskSpoolBufferSizeMB="20"			
			memoryStoreEvictionPolicy="LFU" 
			transactionalMode="off">
			<persistence strategy="localTempSwap" />
	</cache>
	
	<cache name="eodEquityValuationCache" 
		    maxEntriesLocalHeap="10000"			
			 eternal="true"
			 diskSpoolBufferSizeMB="10"			
			memoryStoreEvictionPolicy="LFU" 
			transactionalMode="off">
			<persistence strategy="localTempSwap" />
	</cache>

</ehcache>